population,accuracy,brier,gap_to_full_info,mean_total_cost
all_truthful,0.8445,0.10540919999300176,1.2943675356073361e-16,0.34087669237910595
half_herders,0.7676666666666667,0.15356099683189434,0.1640572844915633,0.19679841876104798
noisy,0.7033333333333334,0.2303723289528003,0.2440572051182158,0.3802131571597254
uninformative_third,0.6416666666666667,0.21282004881743963,0.2793475492878915,0.045956108170985166
overconfident,0.8516666666666667,0.11157458337251604,0.07409579435422167,0.5057387666325285
