informed_quality,accuracy,brier
0.52,0.5545,0.24433830862188638
0.568,0.57675,0.24135957423392276
0.616,0.6185,0.2336204277369065
0.663,0.66125,0.22154899599385763
0.711,0.706,0.20439798352082506
0.759,0.76225,0.17943874614421218
0.807,0.80625,0.1548754615945873
0.854,0.862,0.11827691991128947
0.902,0.90125,0.08855445283750163
0.95,0.9485,0.048671145363077706
